sx,sy,ex,ey
0,0,211,142
309,0,906,140
884,108,906,498
0,470,906,481
0,474,906,502
0,70,21,497
90,194,148,269
172,133,204,162
356,137,546,162
601,135,644,178
710,134,773,182
746,194,832,330
502,250,544,379
521,286,739,378
620,220,674,293
844,175,876,262
842,278,872,357
844,376,876,455
33,198,62,260
28,259,52,434
0,260,42,431
46,278,90,432
98,293,164,430
730,287.6000003814697,772,331.6000003814697
